Normalized MSE,Number of PCA Components
0.9395816300568215,10
0.9229955918823832,20
0.8926535085227174,40
0.8386111780137698,80
0.7450340795577879,160
0.5908844363756688,320
0.37199519022467714,640
0.14278279270238742,1280
0.020758711821407417,2560
