Normalized MSE,Number of PCA Components
0.9396193533325082,10
0.9229479751781536,20
0.8927107718703492,40
0.8387241889183406,80
0.7450043132112357,160
0.5909440637629715,320
0.3720489201879392,640
0.14279233355461313,1280
0.020762904275430576,2560
