Number of PCA Components,RNA,ATAC
10,0.9806472855102952,0.9395816300568216
20,0.9732198654334744,0.9229955918823832
40,0.9595198784346564,0.8926535085227174
80,0.9341125673509094,0.8386111780137698
160,0.8870764047607334,0.7450340795577879
320,0.803464939337742,0.5908844363756688
640,0.663380943318583,0.3719951902246771
1280,0.4589537079376188,0.14278279270238742
2560,0.19942216717866865,0.020758711821407417
