Number of PCA Components,RNA,ATAC
10,0.9806508489355212,0.9396193533325082
20,0.9731620742440352,0.9229479751781536
40,0.9595510548248616,0.8927107718703492
80,0.9340014743153388,0.8387241889183406
160,0.8870466486890534,0.7450043132112357
320,0.8034421055054406,0.5909440637629715
640,0.6634082323884452,0.3720489201879392
1280,0.4589087903367327,0.14279233355461313
2560,0.19940961754213174,0.020762904275430576
