Normalized MSE,Number of PCA Components
0.9806472855102951,10
0.9732198654334745,20
0.9595198784346565,40
0.9341125673509094,80
0.8870764047607334,160
0.803464939337742,320
0.663380943318583,640
0.4589537079376188,1280
0.19942216717866865,2560
