Normalized MSE,Number of PCA Components
0.9806508489355213,10
0.9731620742440352,20
0.9595510548248616,40
0.9340014743153388,80
0.8870466486890534,160
0.8034421055054406,320
0.6634082323884452,640
0.45890879033673265,1280
0.19940961754213177,2560
